,2021-Blockzilla,Website,rank
315,3,google.com,1
585,3,youtube.com,2
543,2,tmall.com,3
471,1,qq.com,4
197,1,baidu.com,5
513,7,sohu.com,6
275,2,facebook.com,7
382,26,jd.com,9
135,1,360.cn,10
165,1,amazon.com,11
590,2,yahoo.com,12
578,1,wikipedia.org,14
506,16,sina.com.cn,15
439,4,netflix.com,16
580,1,xinhuanet.com,17
483,2,reddit.com,19
361,1,instagram.com,20
170,2,alipay.com,21
323,4,google.com.hk,22
587,4,zhanqi.tv,23
75,1,panda.tv,25
242,9,csdn.net,26
200,1,bing.com,27
142,2,vk.com,28
216,1,canva.com,29
588,3,yahoo.co.jp,32
21,1,bongacams.com,33
545,1,twitch.tv,34
107,3,stackoverflow.com,35
600,2,zoom.us,36
450,10,office.com,37
592,6,yy.com,38
153,2,aliexpress.com,39
527,1,tianya.cn,40
173,1,amazon.in,41
266,11,ebay.com,42
16,23,chaturbate.com,43
166,1,amazon.co.jp,44
431,7,naver.com,45
9,1,17ok.com,48
569,1,whatsapp.com,49
155,1,adobe.com,50
401,1,linkedin.com,51
511,1,so.com,52
605,9,yandex.ru,53
507,8,shopify.com,54
183,1,aparat.com,55
541,1,tiktok.com,56
143,7,wordpress.com,57
540,3,tradingview.com,58
76,1,ok.ru,59
279,11,etsy.com,60
60,4,mail.ru,61
424,2,msn.com,62
367,7,imdb.com,63
475,1,pornhub.com,65
533,13,tribunnews.com,66
307,4,google.co.in,67
606,5,xhamster.com,68
370,3,indeed.com,69
270,12,espn.com,70
461,1,paypal.com,71
474,1,rakuten.co.jp,72
187,11,apple.com,73
281,11,fandom.com,74
591,1,xvideos.com,75
146,3,6.cn,76
568,4,walmart.com,77
172,1,amazon.de,78
211,3,booking.com,79
309,1,gome.com.cn,81
320,2,google.com.br,82
46,1,github.com,84
189,20,babytree.com,85
544,1,udemy.com,86
115,1,telegram.org,87
259,0,dropbox.com,88
223,6,chase.com,90
227,1,cnblogs.com,92
154,2,alibaba.com,94
486,2,roblox.com,95
291,0,flipkart.com,98
343,2,hao123.com,99
472,1,primevideo.com,101
295,8,freepik.com,102
484,1,rednet.cn,103
140,12,163.com,105
371,1,instructure.com,106
341,1,hotstar.com,107
191,8,bestbuy.com,108
328,4,google.de,109
199,7,bilibili.com,110
249,3,digikala.com,111
468,3,pinterest.com,112
194,6,bbc.com,113
329,4,google.es,114
57,2,imgur.com,115
314,1,godaddy.com,116
331,4,google.fr,117
282,0,ettoday.net,118
333,4,google.ru,119
495,3,salesforce.com,120
164,1,amazon.co.uk,121
27,8,coinmarketcap.com,122
448,7,nytimes.com,123
550,4,tumblr.com,124
253,2,disneyplus.com,125
326,7,grammarly.com,126
103,1,soundcloud.com,127
599,16,zillow.com,128
602,5,zoho.com,129
105,2,stackexchange.com,130
362,1,ilovepdf.com,131
238,17,cnn.com,132
564,31,w3schools.com,133
386,12,kompas.com,134
436,5,nih.gov,135
145,1,51.la,138
104,7,slack.com,139
467,13,pixnet.net,140
192,31,bbc.co.uk,141
337,5,google.com.tw,142
248,33,detik.com,143
380,1,jiameng.com,144
163,4,amazon.ca,145
514,2,speedtest.net,146
528,3,target.com,147
168,5,aliyun.com,148
321,4,google.com.sg,150
465,3,pexels.com,151
241,7,daum.net,152
287,1,fiverr.com,153
138,1,wetransfer.com,155
14,0,archive.org,156
196,1,bet9ja.com,158
335,1,gosuslugi.ru,159
574,5,wix.com,160
586,5,zendesk.com,161
231,11,cnet.com,162
449,1,onlinesbi.com,163
368,1,indiatimes.com,164
81,1,pixabay.com,166
489,3,researchgate.net,167
29,2,envato.com,168
582,1,xnxx.com,169
193,0,bet365.com,170
284,10,farfetch.com,171
30,1,duckduckgo.com,172
536,5,trendyol.com,173
345,2,hbomax.com,174
447,5,okezone.com,175
534,3,tudou.com,176
176,2,americanexpress.com,178
54,10,kumparan.com,179
537,1,tistory.com,181
121,1,unsplash.com,182
423,1,momoshop.com.tw,183
179,1,amazon.it,184
100,4,smallpdf.com,185
348,3,homedepot.com,187
510,1,sogou.com,188
374,0,intuit.com,190
330,14,grid.id,192
516,4,slideshare.net,194
301,2,geeksforgeeks.org,195
181,7,avito.ru,197
498,2,scribd.com,198
224,1,chess.com,199
342,13,hdfcbank.com,200
597,20,youm7.com,201
485,3,rokna.net,202
312,4,google.co.uk,203
405,1,macys.com,204
66,1,mailchimp.com,206
349,4,healthline.com,207
359,4,ikea.com,208
288,0,forbes.com,209
139,1,360.com,212
131,15,vimeo.com,213
188,139,ask.com,214
322,4,google.com.tr,215
246,1,dailymotion.com,216
214,1,capitalone.com,217
445,1,okta.com,219
149,18,51yes.com,220
112,1,steamcommunity.com,221
567,14,wellsfargo.com,222
182,4,asos.com,223
565,20,washingtonpost.com,224
530,1,telewebion.com,225
608,2,cnnic.cn,226
5,1,aliexpress.ru,227
596,4,yelp.com,228
607,14,zol.com.cn,229
391,1,lazada.sg,230
480,2,remove.bg,231
212,8,businessinsider.com,232
95,1,samsung.com,235
509,1,soso.com,236
411,12,ltn.com.tw,237
458,13,ozon.ru,238
218,4,chegg.com,239
294,6,globo.com,241
377,3,investopedia.com,242
99,7,spankbang.com,243
276,9,etoro.com,244
175,1,amazon.fr,245
157,6,airbnb.com,246
308,4,google.ca,247
264,9,ebay.de,248
232,1,costco.com,249
210,8,bluehost.com,250
25,1,crypto.com,251
407,8,manoramaonline.com,252
102,1,skype.com,253
91,1,shaparak.ir,254
346,1,hepsiburada.com,255
523,3,taboola.com,257
300,2,foxnews.com,258
206,1,blackboard.com,259
479,11,rakuten.com,260
73,0,padlet.com,261
379,5,investing.com,262
566,1,wikimedia.org,263
505,1,shutterstock.com,264
416,2,mercadolibre.com.mx,265
318,4,google.com.sa,266
124,1,thepiratebay.org,267
325,5,google.com.mx,270
476,8,realtor.com,271
372,29,irctc.co.in,273
324,4,google.com.eg,274
109,3,themeforest.net,275
526,5,suara.com,276
441,2,nike.com,277
247,3,dell.com,279
160,18,albawabhnews.com,280
215,1,bybit.com,281
429,1,namasha.com,283
353,3,icicibank.com,286
451,7,op.gg,287
319,4,google.com.ar,288
469,1,proiezionidiborsa.it,289
560,7,usps.com,290
33,2,donya-e-eqtesad.com,291
520,1,sonhoo.com,292
351,1,gusuwang.com,294
87,4,rezka.ag,295
263,11,ebay.co.uk,296
144,4,wordpress.org,297
64,1,namnak.com,298
313,4,google.co.th,299
36,1,discord.com,300
0,1,wholeactualnewz.com,302
234,1,coupang.com,303
357,3,hp.com,305
185,65,aol.com,306
338,4,google.pl,307
388,3,kohls.com,308
496,5,sahibinden.com,309
79,0,namu.wiki,310
18,1,axieinfinity.com,312
31,1,evernote.com,313
292,1,focus.cn,314
245,35,dailymail.co.uk,315
542,1,tripadvisor.com,316
195,1,bankofamerica.com,317
491,3,rt.com,318
598,3,yts.mx,319
438,10,nfl.com,320
117,1,t.co,321
481,5,redfin.com,322
97,2,shopee.tw,323
305,4,google.co.id,324
260,5,eatthis.com,325
125,1,tinyurl.is,326
524,4,ssense.com,327
601,1,zerodha.com,328
174,6,amazon.es,330
462,5,patreon.com,331
11,3,ai.marketing,332
499,13,setn.com,333
290,2,formula1.com,334
56,3,heavy.com,335
132,8,web.de,337
421,1,myntra.com,338
47,5,fc2.com,339
126,1,uchi.ru,342
356,2,ibicn.com,343
225,5,cnbc.com,344
68,2,medium.com,345
278,8,espncricinfo.com,346
6,1,1337x.to,347
419,1,mercadolibre.com.ar,348
213,11,cbssports.com,349
376,4,istockphoto.com,350
299,22,gmx.net,351
244,19,crunchyroll.com,352
515,8,sporx.com,353
201,3,bloomberg.com,355
435,4,nordstrom.com,356
306,7,goodreads.com,357
443,4,nicovideo.jp,358
584,9,yoox.com,359
190,1,att.com,360
26,10,crowdworks.jp,361
552,14,uol.com.br,362
77,1,onlyfans.com,363
96,5,shopee.com.my,364
595,1,yjc.news,365
86,8,quillbot.com,366
280,2,expedia.com,367
364,2,in.gr,368
207,1,breitbart.com,369
133,1,weather.com,370
577,2,xfinity.com,372
487,23,reuters.com,373
477,4,rctiplus.com,374
366,39,inquirer.net,375
93,5,shopee.co.id,376
219,8,clickbank.com,377
402,3,lowes.com,378
89,10,ria.ru,379
53,1,iyiou.com,381
311,1,google.cn,382
502,8,shein.com,383
531,18,thesaurus.com,384
271,13,ensonhaber.com,385
581,18,wsj.com,386
4,14,alwafd.news,387
220,1,citi.com,388
134,5,wise.com,389
492,1,sciencedirect.com,390
277,1,fardanews.com,391
412,1,mercadolivre.com.br,392
136,1,wazirx.com,393
538,20,tokopedia.com,394
410,11,marca.com,395
37,1,divar.ir,396
414,15,mathrubhumi.com,397
563,3,weebly.com,399
375,1,iqiyi.com,400
98,3,slickdeals.net,401
252,2,deviantart.com,402
293,1,fool.com,403
336,4,google.com.ua,405
539,1,trustpilot.com,407
340,1,haiwainet.cn,408
205,24,biobiochile.cl,409
52,2,hootsuite.com,410
233,1,coinpayu.com,411
555,15,verizon.com,412
594,3,zara.com,413
518,14,squarespace.com,414
285,1,filimo.com,415
562,1,w3school.com.cn,418
45,1,filmix.ac,419
363,3,indiamart.com,421
17,1,chaduo.com,422
425,1,moniban.news,423
8,1,ameblo.jp,424
304,4,google.co.kr,425
128,1,torob.com,426
256,3,dmm.co.jp,427
384,2,japanpost.jp,428
459,2,pcbaby.com.cn,429
83,1,protonmail.com,430
488,6,rottentomatoes.com,431
289,1,fidelity.com,432
302,1,gismeteo.ru,435
604,1,xhamsterlive.com,436
269,2,eghtesadnews.com,439
258,10,douban.com,440
417,1,meituan.com,441
426,1,mit.edu,442
415,24,merdeka.com,443
452,9,ouedkniss.com,444
127,1,tinder.com,445
286,0,flickr.com,446
406,5,lyst.com,447
556,1,vvvdj.com,448
460,10,outbrain.com,449
58,1,iqbroker.com,451
237,14,coursehero.com,452
501,3,shippingchina.com,454
478,1,rambler.ru,455
118,4,teachable.com,456
512,0,softonic.com,457
28,7,cjdropshipping.com,458
55,3,iliangcang.com,459
148,3,abs-cbn.com,460
162,1,amazon.com.au,462
65,2,meesho.com,463
235,1,codelist.cc,465
355,11,idntimes.com,466
22,3,codepen.io,467
298,1,freelancer.com,468
470,1,qoo10.sg,470
430,3,naukri.com,471
365,0,ih5.cn,472
261,3,ea.com,474
494,1,runoob.com,475
106,5,shopee.vn,477
50,1,go.com,478
147,5,academia.edu,480
169,7,alodokter.com,482
262,14,ebay-kleinanzeigen.de,483
243,1,cvs.com,484
463,1,people.com.cn,485
344,3,gsmarena.com,486
409,3,matchesfashion.com,487
473,5,premierleague.com,488
239,2,coinbase.com,490
554,12,usnews.com,491
203,1,bhphotovideo.com,493
579,1,wp.pl,494
404,1,livescore.com,495
394,1,lazada.co.th,496
444,1,oschina.net,497
589,1,youporn.com,498
408,2,makemytrip.com,500
332,4,google.ro,501
327,4,google.gr,502
82,3,razorpay.com,503
482,12,redbubble.com,504
440,1,newegg.com,505
159,1,addthis.com,507
137,1,258.com,508
88,1,shareasale.com,509
78,48,nypost.com,510
226,3,cnbeta.com,511
433,5,namecheap.com,512
571,21,webmd.com,513
583,11,yeniakit.com.tr,514
69,1,pngtree.com,516
403,21,liputan6.com,517
10,10,allegro.pl,518
573,2,worldometers.info,519
490,4,renren.com,520
236,26,cnnindonesia.com,521
177,1,android.com,522
209,5,bukalapak.com,523
303,13,globalsources.com,524
457,2,payu.in,525
420,12,moneycontrol.com,526
399,8,livejournal.com,527
43,1,getadblock.com,528
575,1,xabbs.com,530
387,8,kooora.com,532
593,6,zhibo8.cc,534
42,6,genius.com,535
250,2,delta.com,536
310,4,google.az,537
1,7,oracle.com,538
559,8,usatoday.com,539
119,1,stripchat.com,540
101,5,sourceforge.net,542
251,1,delgarm.com,543
422,1,messenger.com,545
178,3,amazon.sa,546
23,4,cuevana3.io,547
161,6,amazon.com.br,549
549,7,ubereats.com,550
92,5,shopee.co.th,551
34,1,disqus.com,553
503,2,shopbop.com,554
570,6,walgreens.com,555
557,4,upwork.com,556
35,5,elpais.com,557
111,1,t66y.com,558
546,97,ultimate-guitar.com,559
437,12,news18.com,560
453,5,npr.org,561
74,3,nextdoor.com,562
49,9,kakaku.com,563
217,1,cambridge.org,564
24,10,depositphotos.com,565
373,11,irs.gov,566
19,1,chinanetrank.com,567
334,4,google.com.vn,569
156,18,adp.com,570
273,12,elbalad.news,571
150,16,aajtak.in,572
130,36,u.gg,573
354,1,huim.com,574
350,6,hostgator.com,575
265,11,ebay.com.au,576
553,0,uptodown.com,577
521,0,tamin.ir,578
316,4,google.com.au,579
222,11,cj.com,582
110,7,stockx.com,583
383,1,it168.com,584
381,4,jawapos.com,585
517,4,sportbible.com,586
20,1,chouftv.ma,587
493,11,schwab.com,588
558,7,vidio.com,589
576,1,ximalaya.com,590
230,2,cloudflare.com,591
184,2,atlassian.com,592
418,1,mehrnews.com,594
395,2,jotform.com,595
398,1,leboncoin.fr,596
108,2,tejaratnews.com,597
352,5,ign.com,598
454,1,oeeee.com,599
358,1,house365.com,600
389,16,kapanlagi.com,602
84,1,poki.com,603
561,1,visitbeijing.com.cn,604
158,2,agoda.com,605
283,5,flashscore.com,606
268,14,elwatannews.com,607
535,2,ticketmaster.com,609
114,8,techcrunch.com,610
221,9,chron.com,611
62,1,lenta.ru,613
267,5,ebc.net.tw,614
504,10,shutterfly.com,615
434,23,nba.com,617
120,1,substack.com,618
466,9,pcmag.com,619
464,9,pchome.com.tw,620
32,20,eksisozluk.com,621
7,7,9gag.com,622
497,2,sarkariresult.com,623
274,2,eventbrite.com,624
385,1,jianshu.com,625
141,14,vnexpress.net,626
255,1,doordash.com,627
40,1,ftx.com,629
228,18,clickfunnels.com,631
547,3,uidai.gov.in,633
151,5,52pk.com,635
609,1,canada.ca,636
296,3,freecodecamp.org,637
208,7,bolasport.com,638
272,1,ecer.com,640
180,1,asriran.com,641
428,9,merriam-webster.com,642
116,12,sxyprn.com,644
71,4,patch.com,645
413,5,medicalnewstoday.com,646
500,1,shayanews.com,647
13,2,as.com,648
41,12,freshdesk.com,649
63,15,metamask.io,652
38,4,elementor.com,653
257,2,docin.com,654
12,119,ahram.org.eg,655
522,6,t-mobile.com,656
254,15,dostor.org,657
122,1,trustwallet.com,658
297,2,gap.com,660
204,6,biblegateway.com,662
393,1,kdslife.com,663
396,1,kuronekoyamato.co.jp,665
129,16,trello.com,666
317,4,google.co.ve,668
519,1,southcn.com,669
610,1,zhiding.cn,670
123,13,udn.com,671
548,3,united.com,672
80,2,parsfootball.com,673
427,2,mheducation.com,674
70,1,ngacn.cc,675
392,12,ladbible.com,676
167,3,allrecipes.com,677
339,4,google.dz,678
532,2,theepochtimes.com,679
44,6,fontawesome.com,682
2,1,eee114.com,683
446,23,olx.in,684
572,5,wish.com,685
432,1,n11.com,686
15,3,bitly.com,687
39,1,dnevnik.ru,688
369,6,iherb.com,689
48,19,fril.jp,690
85,2,prnt.sc,691
229,1,cloudways.com,692
400,1,lenovo.com,694
61,16,monday.com,697
67,1,mihoyo.com,698
603,5,animeflv.net,699
72,1,opensea.io,700
171,1,amazon.eg,702
240,66,dcinside.com,703
59,3,leetcode.com,704
113,11,taleo.net,705
152,1,51sole.com,706
360,4,info.com,708
347,8,hindustantimes.com,709
198,1,bedbathandbeyond.com,710
202,3,bhaskar.com,711
529,1,thingiverse.com,712
508,1,shopstyle.com,713
51,1,kinogo.biz,714
378,1,ionos.com,716
3,4,gogoanime.cm,717
551,1,turkiye.gov.tr,718
390,3,kickstarter.com,720
94,2,roozaneh.net,721
90,5,seekingalpha.com,722
442,21,nikkei.com,723
455,3,otto.de,724
456,3,overstock.com,725
186,2,asus.com,726
397,12,leagueoflegends.com,727
525,23,surveymonkey.com,729
