2021-Blockzilla,Website
1,wholeactualnewz.com
7,oracle.com
1,eee114.com
4,gogoanime.cm
14,alwafd.news
1,aliexpress.ru
1,1337x.to
7,9gag.com
1,ameblo.jp
1,17ok.com
10,allegro.pl
3,ai.marketing
119,ahram.org.eg
2,as.com
0,archive.org
3,bitly.com
23,chaturbate.com
1,chaduo.com
1,axieinfinity.com
1,chinanetrank.com
1,chouftv.ma
1,bongacams.com
3,codepen.io
4,cuevana3.io
10,depositphotos.com
1,crypto.com
10,crowdworks.jp
8,coinmarketcap.com
7,cjdropshipping.com
2,envato.com
1,duckduckgo.com
1,evernote.com
20,eksisozluk.com
2,donya-e-eqtesad.com
1,disqus.com
5,elpais.com
1,discord.com
1,divar.ir
4,elementor.com
1,discordapp.com.
1,dnevnik.ru
1,ftx.com
12,freshdesk.com
6,genius.com
1,getadblock.com
6,fontawesome.com
1,filmix.ac
1,github.com
5,fc2.com
19,fril.jp
9,kakaku.com
1,go.com
1,kinogo.biz
2,hootsuite.com
1,iyiou.com
10,kumparan.com
3,iliangcang.com
3,heavy.com
2,imgur.com
1,iqbroker.com
3,leetcode.com
4,mail.ru
16,monday.com
1,lenta.ru
15,metamask.io
1,namnak.com
2,meesho.com
1,mailchimp.com
1,mihoyo.com
2,medium.com
1,pngtree.com
1,ngacn.cc
4,patch.com
1,opensea.io
0,padlet.com
3,nextdoor.com
1,panda.tv
1,ok.ru
1,onlyfans.com
48,nypost.com
0,namu.wiki
2,parsfootball.com
1,pixabay.com
3,razorpay.com
1,protonmail.com
1,poki.com
2,prnt.sc
8,quillbot.com
4,rezka.ag
1,shareasale.com
10,ria.ru
5,seekingalpha.com
1,shaparak.ir
5,shopee.co.th
5,shopee.co.id
1,rutracker.org.
2,roozaneh.net
1,samsung.com
5,shopee.com.my
2,shopee.tw
3,slickdeals.net
7,spankbang.com
4,smallpdf.com
5,sourceforge.net
1,skype.com
1,soundcloud.com
7,slack.com
2,stackexchange.com
5,shopee.vn
3,stackoverflow.com
2,tejaratnews.com
3,themeforest.net
7,stockx.com
1,t66y.com
1,steamcommunity.com
11,taleo.net
8,techcrunch.com
1,telegram.org
12,sxyprn.com
1,t.co
4,teachable.com
1,stripchat.com
1,substack.com
1,unsplash.com
1,trustwallet.com
13,udn.com
1,thepiratebay.org
1,tinyurl.is
1,uchi.ru
1,tinder.com
1,torob.com
16,trello.com
36,u.gg
15,vimeo.com
8,web.de
1,weather.com
5,wise.com
1,360.cn
1,wazirx.com
1,258.com
1,wetransfer.com
1,360.com
12,163.com
14,vnexpress.net
2,vk.com
7,wordpress.com
4,wordpress.org
1,51.la
3,6.cn
5,academia.edu
3,abs-cbn.com
18,51yes.com
16,aajtak.in
5,52pk.com
1,51sole.com
2,aliexpress.com
2,alibaba.com
1,adobe.com
18,adp.com
6,airbnb.com
2,agoda.com
1,addthis.com
18,albawabhnews.com
6,amazon.com.br
1,amazon.com.au
4,amazon.ca
1,amazon.co.uk
1,amazon.com
1,amazon.co.jp
3,allrecipes.com
5,aliyun.com
7,alodokter.com
2,alipay.com
1,amazon.eg
1,amazon.de
1,amazon.in
6,amazon.es
1,amazon.fr
2,americanexpress.com
1,android.com
3,amazon.sa
1,amazon.it
1,asriran.com
7,avito.ru
4,asos.com
1,aparat.com
2,atlassian.com
65,aol.com
2,asus.com
11,apple.com
139,ask.com
20,babytree.com
1,att.com
8,bestbuy.com
31,bbc.co.uk
0,bet365.com
6,bbc.com
1,bankofamerica.com
1,bet9ja.com
1,baidu.com
1,bedbathandbeyond.com
7,bilibili.com
1,bing.com
3,bloomberg.com
3,bhaskar.com
1,bhphotovideo.com
6,biblegateway.com
24,biobiochile.cl
1,blackboard.com
1,breitbart.com
7,bolasport.com
5,bukalapak.com
8,bluehost.com
3,booking.com
8,businessinsider.com
11,cbssports.com
1,capitalone.com
1,bybit.com
1,canva.com
1,cambridge.org
4,chegg.com
8,clickbank.com
1,citi.com
9,chron.com
11,cj.com
6,chase.com
1,chess.com
5,cnbc.com
3,cnbeta.com
1,cnblogs.com
18,clickfunnels.com
1,cloudways.com
2,cloudflare.com
11,cnet.com
1,costco.com
1,coinpayu.com
1,coupang.com
1,codelist.cc
26,cnnindonesia.com
14,coursehero.com
17,cnn.com
2,coinbase.com
66,dcinside.com
7,daum.net
9,csdn.net
1,cvs.com
19,crunchyroll.com
35,dailymail.co.uk
1,dailymotion.com
3,dell.com
33,detik.com
3,digikala.com
2,delta.com
1,delgarm.com
2,deviantart.com
2,disneyplus.com
15,dostor.org
1,doordash.com
3,dmm.co.jp
2,docin.com
10,douban.com
0,dropbox.com
5,eatthis.com
3,ea.com
14,ebay-kleinanzeigen.de
11,ebay.co.uk
9,ebay.de
11,ebay.com.au
11,ebay.com
5,ebc.net.tw
14,elwatannews.com
2,eghtesadnews.com
12,espn.com
13,ensonhaber.com
1,ecer.com
12,elbalad.news
2,eventbrite.com
2,facebook.com
9,etoro.com
1,fardanews.com
8,espncricinfo.com
11,etsy.com
2,expedia.com
11,fandom.com
0,ettoday.net
5,flashscore.com
10,farfetch.com
1,filimo.com
0,flickr.com
1,fiverr.com
0,forbes.com
1,fidelity.com
2,formula1.com
0,flipkart.com
1,focus.cn
1,fool.com
6,globo.com
8,freepik.com
3,freecodecamp.org
2,gap.com
1,freelancer.com
22,gmx.net
2,foxnews.com
2,geeksforgeeks.org
1,gismeteo.ru
13,globalsources.com
4,google.co.kr
4,google.co.id
7,goodreads.com
4,google.co.in
4,google.ca
1,gome.com.cn
4,google.az
1,google.cn
4,google.co.uk
4,google.co.th
1,godaddy.com
3,google.com
4,google.com.au
4,google.co.ve
4,google.com.sa
4,google.com.ar
2,google.com.br
4,google.com.sg
4,google.com.tr
4,google.com.hk
4,google.com.eg
5,google.com.mx
7,grammarly.com
4,google.gr
4,google.de
4,google.es
14,grid.id
4,google.fr
4,google.ro
4,google.ru
4,google.com.vn
1,gosuslugi.ru
4,google.com.ua
5,google.com.tw
4,google.pl
4,google.dz
1,haiwainet.cn
1,hotstar.com
13,hdfcbank.com
2,hao123.com
3,gsmarena.com
2,hbomax.com
1,hepsiburada.com
8,hindustantimes.com
3,homedepot.com
4,healthline.com
6,hostgator.com
1,gusuwang.com
5,ign.com
3,icicibank.com
1,huim.com
11,idntimes.com
2,ibicn.com
3,hp.com
1,house365.com
4,ikea.com
4,info.com
1,instagram.com
1,ilovepdf.com
3,indiamart.com
2,in.gr
0,ih5.cn
39,inquirer.net
7,imdb.com
1,indiatimes.com
6,iherb.com
3,indeed.com
1,instructure.com
29,irctc.co.in
11,irs.gov
0,intuit.com
1,iqiyi.com
4,istockphoto.com
3,investopedia.com
1,ionos.com
5,investing.com
1,jiameng.com
4,jawapos.com
26,jd.com
1,it168.com
2,japanpost.jp
1,jianshu.com
12,kompas.com
8,kooora.com
3,kohls.com
16,kapanlagi.com
3,kickstarter.com
1,lazada.sg
12,ladbible.com
1,kdslife.com
1,lazada.co.th
2,jotform.com
1,kuronekoyamato.co.jp
12,leagueoflegends.com
1,leboncoin.fr
8,livejournal.com
1,lenovo.com
1,linkedin.com
3,lowes.com
21,liputan6.com
1,livescore.com
1,macys.com
5,lyst.com
8,manoramaonline.com
2,makemytrip.com
3,matchesfashion.com
11,marca.com
12,ltn.com.tw
1,mercadolivre.com.br
5,medicalnewstoday.com
15,mathrubhumi.com
24,merdeka.com
0,Mercari.com
2,mercadolibre.com.mx
1,meituan.com
1,mehrnews.com
1,mercadolibre.com.ar
12,moneycontrol.com
1,myntra.com
1,messenger.com
1,momoshop.com.tw
2,msn.com
1,moniban.news
1,mit.edu
2,mheducation.com
9,merriam-webster.com
1,namasha.com
3,naukri.com
7,naver.com
1,n11.com
5,namecheap.com
23,nba.com
4,nordstrom.com
5,nih.gov
12,news18.com
10,nfl.com
4,netflix.com
1,newegg.com
2,nike.com
21,nikkei.com
4,nicovideo.jp
1,oschina.net
1,okta.com
23,olx.in
5,okezone.com
7,nytimes.com
1,onlinesbi.com
10,office.com
7,op.gg
9,ouedkniss.com
5,npr.org
1,oeeee.com
3,otto.de
3,overstock.com
2,payu.in
13,ozon.ru
2,pcbaby.com.cn
10,outbrain.com
1,paypal.com
5,patreon.com
1,people.com.cn
9,pchome.com.tw
3,pexels.com
9,pcmag.com
13,pixnet.net
3,pinterest.com
1,proiezionidiborsa.it
1,qoo10.sg
1,qq.com
1,primevideo.com
5,premierleague.com
1,rakuten.co.jp
1,pornhub.com
8,realtor.com
4,rctiplus.com
1,rambler.ru
11,rakuten.com
2,remove.bg
5,redfin.com
12,redbubble.com
2,reddit.com
1,rednet.cn
3,rokna.net
2,roblox.com
23,reuters.com
6,rottentomatoes.com
3,researchgate.net
4,renren.com
3,rt.com
1,sciencedirect.com
11,schwab.com
1,runoob.com
3,salesforce.com
5,sahibinden.com
2,sarkariresult.com
2,scribd.com
13,setn.com
1,shayanews.com
3,shippingchina.com
8,shein.com
2,shopbop.com
10,shutterfly.com
1,shutterstock.com
16,sina.com.cn
8,shopify.com
1,shopstyle.com
1,soso.com
1,sogou.com
1,so.com
0,softonic.com
7,sohu.com
2,speedtest.net
8,sporx.com
4,slideshare.net
4,sportbible.com
14,squarespace.com
1,southcn.com
1,sonhoo.com
0,tamin.ir
6,t-mobile.com
3,taboola.com
4,ssense.com
23,surveymonkey.com
5,suara.com
1,tianya.cn
3,target.com
1,thingiverse.com
1,telewebion.com
18,thesaurus.com
2,theepochtimes.com
13,tribunnews.com
3,tudou.com
2,ticketmaster.com
5,trendyol.com
1,tistory.com
20,tokopedia.com
1,trustpilot.com
3,tradingview.com
1,tiktok.com
1,tripadvisor.com
2,tmall.com
1,udemy.com
1,twitch.tv
97,ultimate-guitar.com
3,uidai.gov.in
3,united.com
7,ubereats.com
4,tumblr.com
1,turkiye.gov.tr
14,uol.com.br
0,uptodown.com
12,usnews.com
15,verizon.com
1,vvvdj.com
4,upwork.com
7,vidio.com
8,usatoday.com
7,usps.com
1,visitbeijing.com.cn
1,w3school.com.cn
3,weebly.com
31,w3schools.com
20,washingtonpost.com
1,wikimedia.org
14,wellsfargo.com
4,walmart.com
1,whatsapp.com
6,walgreens.com
21,webmd.com
5,wish.com
2,worldometers.info
5,wix.com
1,xabbs.com
1,ximalaya.com
2,xfinity.com
1,wikipedia.org
1,wp.pl
1,xinhuanet.com
18,wsj.com
1,xnxx.com
11,yeniakit.com.tr
9,yoox.com
3,youtube.com
5,zendesk.com
4,zhanqi.tv
3,yahoo.co.jp
1,youporn.com
2,yahoo.com
1,xvideos.com
6,yy.com
6,zhibo8.cc
3,zara.com
1,yjc.news
4,yelp.com
20,youm7.com
3,yts.mx
16,zillow.com
2,zoom.us
1,zerodha.com
5,zoho.com
5,animeflv.net
1,xhamsterlive.com
9,yandex.ru
5,xhamster.com
14,zol.com.cn
2,cnnic.cn
1,canada.ca
1,zhiding.cn
